店名,評分,評論數,地址,鏈接,5星,4星,3星,2星,1星
Geography Bar&Restaurant 台灣環島調酒 Taiwan-inspired Cocktails,4.8 ,"3,419",108台北市萬華區昆明街92-2號4樓 4樓,https://www.google.com/maps/place/Geography+Bar%26Restaurant+%E5%8F%B0%E7%81%A3%E7%92%B0%E5%B3%B6%E8%AA%BF%E9%85%92+Taiwan-inspired+Cocktails/data=!4m7!3m6!1s0x3442a908d7489fa5:0x46f44ff566485c88!8m2!3d25.0448535!4d121.5052481!16s%2Fg%2F11fzffkcmg!19sChIJpZ9I1wipQjQRiFxIZvVP9EY?authuser=0&hl=zh-TW&rclk=1,68,159,55,44,93
BearJunkies熊飲（早午餐＆酒吧）,4.8 ,746,108台北市萬華區昆明街192號2樓,https://www.google.com/maps/place/BearJunkies%E7%86%8A%E9%A3%B2%EF%BC%88%E6%97%A9%E5%8D%88%E9%A4%90%EF%BC%86%E9%85%92%E5%90%A7%EF%BC%89/data=!4m7!3m6!1s0x3442a9d8b08c71f7:0xf4f9b0e1019da0ca!8m2!3d25.0411766!4d121.5043785!16s%2Fg%2F11s9w0x8cs!19sChIJ93GMsNipQjQRyqCdAeGw-fQ?authuser=0&hl=zh-TW&rclk=1,632,77,23,5,9
Westland Bar&Bistro｜深夜酒吧,4.8 ,370,108台北市萬華區漢口街二段117號,https://www.google.com/maps/place/Westland+Bar%26Bistro%EF%BD%9C%E6%B7%B1%E5%A4%9C%E9%85%92%E5%90%A7/data=!4m7!3m6!1s0x3442a9db97514979:0xf7e03af2e068674f!8m2!3d25.0464223!4d121.5042021!16s%2Fg%2F11plfs6t5s!19sChIJeUlRl9upQjQRT2do4PI64Pc?authuser=0&hl=zh-TW&rclk=1,337,16,6,2,9
RayDarts.Taipei bar,4.9 ,"1,438",108台北市萬華區昆明街92-2號5 樓,https://www.google.com/maps/place/RayDarts.Taipei+bar/data=!4m7!3m6!1s0x3442a908d75091eb:0x56195c1a2dce35e0!8m2!3d25.0448517!4d121.5052563!16s%2Fg%2F11dxrzjkm_!19sChIJ65FQ1wipQjQR4DXOLRpcGVY?authuser=0&hl=zh-TW&rclk=1,330,69,18,8,13
解鎖 JOYSOUL Bar,4.8 ,"2,107",108台北市萬華區武昌街二段122-3號,https://www.google.com/maps/place/%E8%A7%A3%E9%8E%96+JOYSOUL+Bar/data=!4m7!3m6!1s0x3442a9476fddc4bd:0x8e3a5e2e121d10cd!8m2!3d25.0452553!4d121.5038828!16s%2Fg%2F11ls5sq8h3!19sChIJvcTdb0epQjQRzRAdEi5eOo4?authuser=0&hl=zh-TW&rclk=1,951,48,21,16,71
Chance Cafe & Bar 無心戒酒互助會 - 成都分會,4.9 ,"1,426",108台北市萬華區成都路27巷10號,https://www.google.com/maps/place/Chance+Cafe+%26+Bar+%E7%84%A1%E5%BF%83%E6%88%92%E9%85%92%E4%BA%92%E5%8A%A9%E6%9C%83+-+%E6%88%90%E9%83%BD%E5%88%86%E6%9C%83/data=!4m7!3m6!1s0x3442a9c265a79413:0xe16d79a3c17b1862!8m2!3d25.0431514!4d121.5067512!16s%2Fg%2F11j7vfs859!19sChIJE5SnZcKpQjQRYhh7waN5beE?authuser=0&hl=zh-TW&rclk=1,377,31,10,2,6
Driftwood 西門町,4.6 ,"1,814",108台北市萬華區昆明街46號,https://www.google.com/maps/place/Driftwood+%E8%A5%BF%E9%96%80%E7%94%BA/data=!4m7!3m6!1s0x3442a90f275a74bb:0x29954039ef1af9de!8m2!3d25.0468243!4d121.505598!16s%2Fg%2F11c6rjq2f3!19sChIJu3RaJw-pQjQR3vka7zlAlSk?authuser=0&hl=zh-TW&rclk=1,284,397,93,20,20
酒肆西門,4.8 ,"2,222",108台北市萬華區武昌街二段83-2號,https://www.google.com/maps/place/%E9%85%92%E8%82%86%E8%A5%BF%E9%96%80/data=!4m7!3m6!1s0x3442a908d3d14d39:0xa3e8afa03f6a8a62!8m2!3d25.0453734!4d121.5051634!16s%2Fg%2F11c1ws0zf0!19sChIJOU3R0wipQjQRYopqP6Cv6KM?authuser=0&hl=zh-TW&rclk=1,964,150,55,15,38
Nonsense Bar 無心戒酒互助會 - 武昌分會,4.9 ,"1,889",108台北市萬華區武昌街二段100號2樓,https://www.google.com/maps/place/Nonsense+Bar+%E7%84%A1%E5%BF%83%E6%88%92%E9%85%92%E4%BA%92%E5%8A%A9%E6%9C%83+-+%E6%AD%A6%E6%98%8C%E5%88%86%E6%9C%83/data=!4m7!3m6!1s0x3442a934b175c98d:0xf234df05c4dd1d14!8m2!3d25.0449735!4d121.5055642!16s%2Fg%2F11jy53br8d!19sChIJjcl1sTSpQjQRFB3dxAXfNPI?authuser=0&hl=zh-TW&rclk=1,782,58,15,9,25
THE garden,4.4 ,394,108台北市萬華區成都路10巷33號,https://www.google.com/maps/place/THE+garden/data=!4m7!3m6!1s0x3442a909bc5b8ccf:0x8bdcec57871cdd85!8m2!3d25.0417111!4d121.5067799!16s%2Fg%2F11b6gnrfj0!19sChIJz4xbvAmpQjQRhd0ch1fs3Is?authuser=0&hl=zh-TW&rclk=1,272,65,26,10,21
酒咖飲冰室 JIU KA Bistro & Bar,4.8 ,192,108台北市萬華區中華路一段82號,https://www.google.com/maps/place/%E9%85%92%E5%92%96%E9%A3%B2%E5%86%B0%E5%AE%A4+JIU+KA+Bistro+%26+Bar/data=!4m7!3m6!1s0x3442a9ad2b46e245:0x495a9bf1eca1ca48!8m2!3d25.0453567!4d121.5087509!16s%2Fg%2F11lsl6v555!19sChIJReJGK62pQjQRSMqh7PGbWkk?authuser=0&hl=zh-TW&rclk=1,169,16,3,2,2
Last Order 餐酒館,4.6 ,"1,690",108台北市萬華區漢口街二段75-1號,https://www.google.com/maps/place/Last+Order+%E9%A4%90%E9%85%92%E9%A4%A8/data=!4m7!3m6!1s0x3442a90f24806807:0x56e2d60056adf216!8m2!3d25.0463155!4d121.5050624!16s%2Fg%2F11c1s2l6zl!19sChIJB2iAJA-pQjQRFvKtVgDW4lY?authuser=0&hl=zh-TW&rclk=1,364,178,75,18,55
竹Ta.ke 九龍灣會館 kowloonbay Shisha,4.8 ,945,10844台北市萬華區成都路27巷8-1號,https://www.google.com/maps/place/%E7%AB%B9Ta.ke+%E4%B9%9D%E9%BE%8D%E7%81%A3%E6%9C%83%E9%A4%A8+kowloonbay+Shisha/data=!4m7!3m6!1s0x3442a99e092d9d67:0x4647a2f21886fdce!8m2!3d25.0430596!4d121.5067831!16s%2Fg%2F11h54h2f_4!19sChIJZ50tCZ6pQjQRzv2GGPKiR0Y?authuser=0&hl=zh-TW&rclk=1,854,32,14,9,36
PawBar,4.9 ,641,108台北市萬華區峨眉街86號b1,https://www.google.com/maps/place/PawBar/data=!4m7!3m6!1s0x3442a91bee190299:0x511af310089ae480!8m2!3d25.044136!4d121.503975!16s%2Fg%2F11k3rn3vtf!19sChIJmQIZ7hupQjQRgOSaCBDzGlE?authuser=0&hl=zh-TW&rclk=1,628,3,3,3,4
巷內酒吧 x 酒 鬼煙醉,4.9 ,957,108台北市萬華區武昌街二段82巷2弄6號,https://www.google.com/maps/place/%E5%B7%B7%E5%85%A7%E9%85%92%E5%90%A7+x+%E9%85%92+%E9%AC%BC%E7%85%99%E9%86%89/data=!4m7!3m6!1s0x3442a999fff1dc3d:0x50158bb4b1bfb510!8m2!3d25.044644!4d121.505695!16s%2Fg%2F11fv3wh6jb!19sChIJPdzx_5mpQjQRELW_sbSLFVA?authuser=0&hl=zh-TW&rclk=1,908,27,5,4,13
The 58 Bar,4.6 ,889,108台北市萬華區開封街二段58號,https://www.google.com/maps/place/The+58+Bar/data=!4m7!3m6!1s0x3442a90e95635d97:0x70eb6c64b31e0c4e!8m2!3d25.0464599!4d121.5072073!16s%2Fg%2F11byyfj732!19sChIJl11jlQ6pQjQRTgwes2Rs63A?authuser=0&hl=zh-TW&rclk=1,659,156,54,6,14
HANKO 60 如醉如夢,4.8 ,"7,853",108台北市萬華區漢口街二段60號,https://www.google.com/maps/place/HANKO+60+%E5%A6%82%E9%86%89%E5%A6%82%E5%A4%A2/data=!4m7!3m6!1s0x3442a90f2eaea327:0x7f821b508bbfa0d!8m2!3d25.045944!4d121.505214!16s%2Fg%2F11byxf6y_t!19sChIJJ6OuLg-pQjQRDfq7CLUh-Ac?authuser=0&hl=zh-TW&rclk=1,176,347,136,79,115
98 酒吧,3.2 ,73,108台北市萬華區艋舺大道167號5樓,https://www.google.com/maps/place/98+%E9%85%92%E5%90%A7/data=!4m7!3m6!1s0x3442a9ae54b085f3:0x86ea8283f95a4fe5!8m2!3d25.033306!4d121.499843!16s%2Fg%2F11f6lgxwv8!19sChIJ84WwVK6pQjQR5U9a-YOC6oY?authuser=0&hl=zh-TW&rclk=1,20,18,13,2,20
獅鬥cdou bar | 西門酒吧 台北港式餐酒館 深夜酒吧 | Late-night bar บาร์กลางคืน 深夜バー 심야 바,4.8 ,448,108台北市萬華區康定路25巷19號,https://www.google.com/maps/place/%E7%8D%85%E9%AC%A5cdou+bar+%7C+%E8%A5%BF%E9%96%80%E9%85%92%E5%90%A7+%E5%8F%B0%E5%8C%97%E6%B8%AF%E5%BC%8F%E9%A4%90%E9%85%92%E9%A4%A8+%E6%B7%B1%E5%A4%9C%E9%85%92%E5%90%A7+%7C+Late-night+bar+%E0%B8%9A%E0%B8%B2%E0%B8%A3%E0%B9%8C%E0%B8%81%E0%B8%A5%E0%B8%B2%E0%B8%87%E0%B8%84%E0%B8%B7%E0%B8%99+%E6%B7%B1%E5%A4%9C%E3%83%90%E3%83%BC+%EC%8B%AC%EC%95%BC+%EB%B0%94/data=!4m7!3m6!1s0x3442a99ef390a515:0xa07cec8a5c3c1e08!8m2!3d25.0439459!4d121.5035048!16s%2Fg%2F11n5s1czm_!19sChIJFaWQ856pQjQRCB48XIrsfKA?authuser=0&hl=zh-TW&rclk=1,411,20,8,1,8
無名Bar,4.9 ,588,108台北市萬華區西寧南路82巷7號,https://www.google.com/maps/place/%E7%84%A1%E5%90%8DBar/data=!4m7!3m6!1s0x3442a9385297f3c9:0x3ffca7869b720460!8m2!3d25.042457!4d121.50551!16s%2Fg%2F11jsf0ws9x!19sChIJyfOXUjipQjQRYARym4an_D8?authuser=0&hl=zh-TW&rclk=1,567,10,5,3,3
鹿境早午餐 & 餐酒館_西門Arrival Brunch & Bistro (原 滷餐小酒館Zoo Bistro) ｜餐酒 |西門美食｜早午餐 ｜ 宵夜-萬華人氣早午餐|西門必吃早午餐|在地推薦早午餐|外帶漢堡|外帶早午餐|人氣餐廳|推薦早午餐,4.9 ,733,地址未找到,https://www.google.com/maps/place/%E9%B9%BF%E5%A2%83%E6%97%A9%E5%8D%88%E9%A4%90+%26+%E9%A4%90%E9%85%92%E9%A4%A8_%E8%A5%BF%E9%96%80Arrival+Brunch+%26+Bistro+%28%E5%8E%9F+%E6%BB%B7%E9%A4%90%E5%B0%8F%E9%85%92%E9%A4%A8Zoo+Bistro%29+%EF%BD%9C%E9%A4%90%E9%85%92+%7C%E8%A5%BF%E9%96%80%E7%BE%8E%E9%A3%9F%EF%BD%9C%E6%97%A9%E5%8D%88%E9%A4%90+%EF%BD%9C+%E5%AE%B5%E5%A4%9C-%E8%90%AC%E8%8F%AF%E4%BA%BA%E6%B0%A3%E6%97%A9%E5%8D%88%E9%A4%90%7C%E8%A5%BF%E9%96%80%E5%BF%85%E5%90%83%E6%97%A9%E5%8D%88%E9%A4%90%7C%E5%9C%A8%E5%9C%B0%E6%8E%A8%E8%96%A6%E6%97%A9%E5%8D%88%E9%A4%90%7C%E5%A4%96%E5%B8%B6%E6%BC%A2%E5%A0%A1%7C%E5%A4%96%E5%B8%B6%E6%97%A9%E5%8D%88%E9%A4%90%7C%E4%BA%BA%E6%B0%A3%E9%A4%90%E5%BB%B3%7C%E6%8E%A8%E8%96%A6%E6%97%A9%E5%8D%88%E9%A4%90/data=!4m7!3m6!1s0x3442a903226e0255:0x1402c203db9989e!8m2!3d25.0445889!4d121.5019866!16s%2Fg%2F11pf657bhm!19sChIJVQJuIgOpQjQRnpi5PSAsQAE?authuser=0&hl=zh-TW&rclk=1,702,21,5,2,3
Barchef Taipei | 西門町酒吧 | 水煙館 | 咖哩飯｜台北推薦酒吧,4.9 ,917,108台北市萬華區武昌街二段91巷10號,https://www.google.com/maps/place/Barchef+Taipei+%7C+%E8%A5%BF%E9%96%80%E7%94%BA%E9%85%92%E5%90%A7+%7C+%E6%B0%B4%E7%85%99%E9%A4%A8+%7C+%E5%92%96%E5%93%A9%E9%A3%AF%EF%BD%9C%E5%8F%B0%E5%8C%97%E6%8E%A8%E8%96%A6%E9%85%92%E5%90%A7/data=!4m7!3m6!1s0x3442a9afe31e78a3:0x3133726ef17adfb2!8m2!3d25.0458993!4d121.5036205!16s%2Fg%2F11s00nvqcl!19sChIJo3ge46-pQjQRst968W5yMzE?authuser=0&hl=zh-TW&rclk=1,893,9,1,4,10
Drunk Shelter Hanko 西門駐唱酒吧｜特色調酒｜live music｜live band 酒吧｜熱門｜人氣｜必訪｜現場音樂酒吧,4.8 ,551,地址未找到,https://www.google.com/maps/place/Drunk+Shelter+Hanko+%E8%A5%BF%E9%96%80%E9%A7%90%E5%94%B1%E9%85%92%E5%90%A7%EF%BD%9C%E7%89%B9%E8%89%B2%E8%AA%BF%E9%85%92%EF%BD%9Clive+music%EF%BD%9Clive+band+%E9%85%92%E5%90%A7%EF%BD%9C%E7%86%B1%E9%96%80%EF%BD%9C%E4%BA%BA%E6%B0%A3%EF%BD%9C%E5%BF%85%E8%A8%AA%EF%BD%9C%E7%8F%BE%E5%A0%B4%E9%9F%B3%E6%A8%82%E9%85%92%E5%90%A7/data=!4m7!3m6!1s0x3442a9dd54e16f71:0x24320f00e2f77b2a!8m2!3d25.0461287!4d121.5053126!16s%2Fg%2F11s8dsjy30!19sChIJcW_hVN2pQjQRKnv34gAPMiQ?authuser=0&hl=zh-TW&rclk=1,513,15,7,2,14
老城西。酒食製作所,4.9 ,552,108台北市萬華區康定路18-2號,https://www.google.com/maps/place/%E8%80%81%E5%9F%8E%E8%A5%BF%E3%80%82%E9%85%92%E9%A3%9F%E8%A3%BD%E4%BD%9C%E6%89%80/data=!4m7!3m6!1s0x3442a969a4b59d5b:0xfd2f61c44670f131!8m2!3d25.0453252!4d121.5029474!16s%2Fg%2F11jg_qs07q!19sChIJW521pGmpQjQRMfFwRsRhL_0?authuser=0&hl=zh-TW&rclk=1,511,25,6,3,7
Locker Room,4.6 ,252,108006台北市萬華區內江街34號,https://www.google.com/maps/place/Locker+Room/data=!4m7!3m6!1s0x3442a955e4789e89:0xe846b24c6bc32fc3!8m2!3d25.0415795!4d121.5056168!16s%2Fg%2F11k6k1xdpt!19sChIJiZ545FWpQjQRwy_Da0yyRug?authuser=0&hl=zh-TW&rclk=1,209,14,10,3,16
Fancy Bar Ximen | 西門推薦酒吧-台北萬華西門町餐酒館/酒吧/調酒 慶生/約會/包場/派對/聚會 深夜酒吧/創意料理/網美酒吧 2024人氣打卡推薦 必去訂位好評 西門捷運站/藍線/綠線 PTT Dcard,5.0 ,516,地址未找到,https://www.google.com/maps/place/Fancy+Bar+Ximen+%7C+%E8%A5%BF%E9%96%80%E6%8E%A8%E8%96%A6%E9%85%92%E5%90%A7-%E5%8F%B0%E5%8C%97%E8%90%AC%E8%8F%AF%E8%A5%BF%E9%96%80%E7%94%BA%E9%A4%90%E9%85%92%E9%A4%A8%2F%E9%85%92%E5%90%A7%2F%E8%AA%BF%E9%85%92+%E6%85%B6%E7%94%9F%2F%E7%B4%84%E6%9C%83%2F%E5%8C%85%E5%A0%B4%2F%E6%B4%BE%E5%B0%8D%2F%E8%81%9A%E6%9C%83+%E6%B7%B1%E5%A4%9C%E9%85%92%E5%90%A7%2F%E5%89%B5%E6%84%8F%E6%96%99%E7%90%86%2F%E7%B6%B2%E7%BE%8E%E9%85%92%E5%90%A7+2024%E4%BA%BA%E6%B0%A3%E6%89%93%E5%8D%A1%E6%8E%A8%E8%96%A6+%E5%BF%85%E5%8E%BB%E8%A8%82%E4%BD%8D%E5%A5%BD%E8%A9%95+%E8%A5%BF%E9%96%80%E6%8D%B7%E9%81%8B%E7%AB%99%2F%E8%97%8D%E7%B7%9A%2F%E7%B6%A0%E7%B7%9A+PTT+Dcard/data=!4m7!3m6!1s0x3442a9e6aa333483:0xe4df774f55e793ca!8m2!3d25.0432389!4d121.5059649!16s%2Fg%2F11vf1_cq56!19sChIJgzQzquapQjQRypPnVU933-Q?authuser=0&hl=zh-TW&rclk=1,507,3,2,2,2
萬華世界下午酒場,4.8 ,260,108台北市萬華區三水街70號,https://www.google.com/maps/place/%E8%90%AC%E8%8F%AF%E4%B8%96%E7%95%8C%E4%B8%8B%E5%8D%88%E9%85%92%E5%A0%B4/data=!4m7!3m6!1s0x3442a9dfd3b516ff:0xa75a70c68af4a926!8m2!3d25.0357751!4d121.5019206!16s%2Fg%2F11tchq0vp6!19sChIJ_xa109-pQjQRJqn0isZwWqc?authuser=0&hl=zh-TW&rclk=1,229,24,2,2,3
CINE Teppan bistro｜席尼鐵板燒-台北萬華西門町餐酒館/咖啡廳/調酒BAR 窯烤披薩 公司聚餐/慶生/約會/網美/寵物友善 2025人氣特色必吃餐廳 訂位推薦 PTT Dcard,5.0 ,202,地址未找到,https://www.google.com/maps/place/CINE+Teppan+bistro%EF%BD%9C%E5%B8%AD%E5%B0%BC%E9%90%B5%E6%9D%BF%E7%87%92-%E5%8F%B0%E5%8C%97%E8%90%AC%E8%8F%AF%E8%A5%BF%E9%96%80%E7%94%BA%E9%A4%90%E9%85%92%E9%A4%A8%2F%E5%92%96%E5%95%A1%E5%BB%B3%2F%E8%AA%BF%E9%85%92BAR+%E7%AA%AF%E7%83%A4%E6%8A%AB%E8%96%A9+%E5%85%AC%E5%8F%B8%E8%81%9A%E9%A4%90%2F%E6%85%B6%E7%94%9F%2F%E7%B4%84%E6%9C%83%2F%E7%B6%B2%E7%BE%8E%2F%E5%AF%B5%E7%89%A9%E5%8F%8B%E5%96%84+2025%E4%BA%BA%E6%B0%A3%E7%89%B9%E8%89%B2%E5%BF%85%E5%90%83%E9%A4%90%E5%BB%B3+%E8%A8%82%E4%BD%8D%E6%8E%A8%E8%96%A6+PTT+Dcard/data=!4m7!3m6!1s0x3442a9001c4926bf:0xbed7f18002d55f48!8m2!3d25.0443525!4d121.5082204!16s%2Fg%2F11wqq6cd10!19sChIJvyZJHACpQjQRSF_VAoDx174?authuser=0&hl=zh-TW&rclk=1,200,0,0,0,2
追夢人DISCO｜西門,4.9 ,"1,752",10843台北市萬華區武昌街二段83之10號1樓,https://www.google.com/maps/place/%E8%BF%BD%E5%A4%A2%E4%BA%BADISCO%EF%BD%9C%E8%A5%BF%E9%96%80/data=!4m7!3m6!1s0x3442a9c5edcef8dd:0xbfd3bd3353fa0537!8m2!3d25.0457078!4d121.5050654!16s%2Fg%2F11rglgm049!19sChIJ3fjO7cWpQjQRNwX6UzO9078?authuser=0&hl=zh-TW&rclk=1,704,13,11,5,19
THE BED Ximen,4.9 ,969,108台北市萬華區武昌街二段116-1號,https://www.google.com/maps/place/THE+BED+Ximen/data=!4m7!3m6!1s0x3442a9e2545de95f:0xbb6bdbe41a94f605!8m2!3d25.0451243!4d121.5045318!16s%2Fg%2F11sqsbjg3p!19sChIJX-ldVOKpQjQRBfaUGuTba7s?authuser=0&hl=zh-TW&rclk=1,938,7,5,5,14
尖叫 雞翅 Wings & Fries 雞翅酒吧,5.0 ,297,108台北市萬華區康定路25巷24號,https://www.google.com/maps/place/%E5%B0%96%E5%8F%AB+%E9%9B%9E%E7%BF%85+Wings+%26+Fries+%E9%9B%9E%E7%BF%85%E9%85%92%E5%90%A7/data=!4m7!3m6!1s0x3442a906f4e44e57:0xf87c1408e4ec6e9e!8m2!3d25.0437907!4d121.5035758!16s%2Fg%2F11y1g1d6rs!19sChIJV07k9AapQjQRnm7s5AgUfPg?authuser=0&hl=zh-TW&rclk=1,291,5,0,0,1
I Miss覓室/台北酒吧 西門酒吧 Ximending Bar 西門町バー 시먼 딩 바 台北DJ SHOW,4.5 ,217,108台北市萬華區成都路27巷21號3 F,https://www.google.com/maps/place/I+Miss%E8%A6%93%E5%AE%A4%2F%E5%8F%B0%E5%8C%97%E9%85%92%E5%90%A7+%E8%A5%BF%E9%96%80%E9%85%92%E5%90%A7+Ximending+Bar+%E8%A5%BF%E9%96%80%E7%94%BA%E3%83%90%E3%83%BC+%EC%8B%9C%EB%A8%BC+%EB%94%A9+%EB%B0%94+%E5%8F%B0%E5%8C%97DJ+SHOW/data=!4m7!3m6!1s0x3442a90ade903f55:0x3d1f3c332944b49!8m2!3d25.0432088!4d121.5069348!16s%2Fg%2F11h0m9_5m7!19sChIJVT-Q3gqpQjQRSUuUMsPz0QM?authuser=0&hl=zh-TW&rclk=1,161,31,11,5,9
灰色可樂 創始店(NO.1)Grey Cola Bar,4.9 ,779,108台北市萬華區漢口街二段83巷10號1F,https://www.google.com/maps/place/%E7%81%B0%E8%89%B2%E5%8F%AF%E6%A8%82+%E5%89%B5%E5%A7%8B%E5%BA%97%28NO.1%29Grey+Cola+Bar/data=!4m7!3m6!1s0x3442a961348c607d:0xea78ed2904fd7617!8m2!3d25.0467826!4d121.5050179!16s%2Fg%2F11fj2n8kmk!19sChIJfWCMNGGpQjQRF3b9BCnteOo?authuser=0&hl=zh-TW&rclk=1,751,9,5,2,12
Ark Taipei,4.4 ,160,108台北市萬華區成都路54號3樓,https://www.google.com/maps/place/Ark+Taipei/data=!4m7!3m6!1s0x3442a94ad01bfafd:0x4866018166cc5334!8m2!3d25.0426152!4d121.5060777!16s%2Fg%2F11s3zgd9jr!19sChIJ_fob0EqpQjQRNFPMZoEBZkg?authuser=0&hl=zh-TW&rclk=1,124,11,7,3,15
慾室,4.9 ,277,"一樓, No. 10號漢口街二段34巷萬華區台北市10842",https://www.google.com/maps/place/%E6%85%BE%E5%AE%A4/data=!4m7!3m6!1s0x3442a9a1053fd745:0x46a2373f9ae58e39!8m2!3d25.0450599!4d121.5071173!16s%2Fg%2F11j1csn2tq!19sChIJRdc_BaGpQjQROY7lmj83okY?authuser=0&hl=zh-TW&rclk=1,256,15,3,1,2
AWT Bistro下班後餐酒館,4.9 ,616,108台北市萬華區成都路27巷11號1樓,https://www.google.com/maps/place/AWT+Bistro%E4%B8%8B%E7%8F%AD%E5%BE%8C%E9%A4%90%E9%85%92%E9%A4%A8/data=!4m7!3m6!1s0x3442a98b566e6237:0xfec50cb6666c66d2!8m2!3d25.043027!4d121.506897!16s%2Fg%2F11sq5kr5ps!19sChIJN2JuVoupQjQR0mZsZrYMxf4?authuser=0&hl=zh-TW&rclk=1,584,18,6,2,6
Bar THY 桃花源,4.9 ,910,100台北市中正區衡陽路114號2樓,https://www.google.com/maps/place/Bar+THY+%E6%A1%83%E8%8A%B1%E6%BA%90/data=!4m7!3m6!1s0x3442a9973fb0d69b:0xc8f4c432060659d5!8m2!3d25.0421239!4d121.50992!16s%2Fg%2F11mv994_5j!19sChIJm9awP5epQjQR1VkGBjLE9Mg?authuser=0&hl=zh-TW&rclk=1,878,15,4,4,9
沫調啤 More beer / 調酒&生啤酒專賣店,4.8 ,181,108004台北市漢中街121-1號峨眉街6巷內,https://www.google.com/maps/place/%E6%B2%AB%E8%AA%BF%E5%95%A4+More+beer+%2F+%E8%AA%BF%E9%85%92%26%E7%94%9F%E5%95%A4%E9%85%92%E5%B0%88%E8%B3%A3%E5%BA%97/data=!4m7!3m6!1s0x3442a988794a5db3:0xd3ec7bfd7ab2e832!8m2!3d25.0428598!4d121.5076851!16s%2Fg%2F11l5mmc2h5!19sChIJs11KeYipQjQRMuiyev177NM?authuser=0&hl=zh-TW&rclk=1,159,15,5,0,2
N.one BAR,4.7 ,190,108台北市萬華區漢中街59號3樓,https://www.google.com/maps/place/N.one+BAR/data=!4m7!3m6!1s0x3442a9c46cea55f1:0x7f1c9bdb6ff7d3e!8m2!3d25.0438!4d121.507418!16s%2Fg%2F11h81lrcc0!19sChIJ8VXqbMSpQjQRPn3_tr3J8Qc?authuser=0&hl=zh-TW&rclk=1,161,14,5,1,9
"Hero Bar, Taipei",4.8 ,227,108台北市萬華區昆明街15-2號2樓,"https://www.google.com/maps/place/Hero+Bar,+Taipei/data=!4m7!3m6!1s0x3442a90ede96300d:0x758c19b2de40f35e!8m2!3d25.0464758!4d121.5059304!16s%2Fg%2F11c1s2twny!19sChIJDTCW3g6pQjQRXvNA3rIZjHU?authuser=0&hl=zh-TW&rclk=1",199,14,8,2,4
無向 Bar Without Ximen,4.9 ,103,108台北市萬華區昆明街58-2號,https://www.google.com/maps/place/%E7%84%A1%E5%90%91+Bar+Without+Ximen/data=!4m7!3m6!1s0x3442a938e8b15325:0x455712f77951f27c!8m2!3d25.0461622!4d121.5056676!16s%2Fg%2F11v47r2lb8!19sChIJJVOx6DipQjQRfPJRefcSV0U?authuser=0&hl=zh-TW&rclk=1,94,7,2,0,0
THE HOLE mini bar,5.0 ,495,108台北市萬華區中華路一段144之24號,https://www.google.com/maps/place/THE+HOLE+mini+bar/data=!4m7!3m6!1s0x3442a904790b5f0f:0x304e370eec7c292b!8m2!3d25.0432753!4d121.5080592!16s%2Fg%2F11vksd8ftl!19sChIJD18LeQSpQjQRKyl87A43TjA?authuser=0&hl=zh-TW&rclk=1,490,5,0,0,0
火山口 Crater Lounge 調酒 咖啡 現烤披薩 現烤鬆餅 酒吧 預約制下午茶 cocktails bar,4.8 ,105,地址未找到,https://www.google.com/maps/place/%E7%81%AB%E5%B1%B1%E5%8F%A3+Crater+Lounge+%E8%AA%BF%E9%85%92+%E5%92%96%E5%95%A1+%E7%8F%BE%E7%83%A4%E6%8A%AB%E8%96%A9+%E7%8F%BE%E7%83%A4%E9%AC%86%E9%A4%85+%E9%85%92%E5%90%A7+%E9%A0%90%E7%B4%84%E5%88%B6%E4%B8%8B%E5%8D%88%E8%8C%B6+cocktails+bar/data=!4m7!3m6!1s0x3442a9e5eab849ab:0xa8546db6abc30986!8m2!3d25.0395113!4d121.5047042!16s%2Fg%2F11pzblsg7t!19sChIJq0m46uWpQjQRhgnDq7ZtVKg?authuser=0&hl=zh-TW&rclk=1,94,5,2,1,3
冰茶專賣店 Iced Tea Shop,4.8 ,265,108台北市萬華區武昌街二段5 號3樓,https://www.google.com/maps/place/%E5%86%B0%E8%8C%B6%E5%B0%88%E8%B3%A3%E5%BA%97+Iced+Tea+Shop/data=!4m7!3m6!1s0x3442a94887b88f75:0x962491aa067ad4e9!8m2!3d25.0444776!4d121.5083362!16s%2Fg%2F11sv1cph0p!19sChIJdY-4h0ipQjQR6dR6BqqRJJY?authuser=0&hl=zh-TW&rclk=1,234,14,10,2,5
DRUNK Taipei,4.9 ,89,108台北市萬華區昆明街92-2號3樓,https://www.google.com/maps/place/DRUNK+Taipei/data=!4m7!3m6!1s0x3442a9f8b59145f7:0x69f132ce7b0d7fd1!8m2!3d25.0449755!4d121.5052829!16s%2Fg%2F11l723m8y3!19sChIJ90WRtfipQjQR0X8Ne84y8Wk?authuser=0&hl=zh-TW&rclk=1,84,3,2,0,0
Bar Stardust 星塵,4.9 ,96,10844台北市萬華區武昌街二段82巷3弄3號,https://www.google.com/maps/place/Bar+Stardust+%E6%98%9F%E5%A1%B5/data=!4m7!3m6!1s0x3442a90d9ce830fb:0xfdea87236a63a240!8m2!3d25.0445384!4d121.5059223!16s%2Fg%2F11v5w7pb0x!19sChIJ-zDonA2pQjQRQKJjaiOH6v0?authuser=0&hl=zh-TW&rclk=1,89,4,1,1,1
HEY BRO Bar,5.0 ,580,10843台北市萬華區武昌街二段5號4樓及5樓,https://www.google.com/maps/place/HEY+BRO+Bar/data=!4m7!3m6!1s0x3442a9b484e1db17:0x4876a00cb8f4acb6!8m2!3d25.0444776!4d121.5083362!16s%2Fg%2F11vkdnj5kw!19sChIJF9vhhLSpQjQRtqz0uAygdkg?authuser=0&hl=zh-TW&rclk=1,572,3,0,0,5
巧軒飲室 CH Draft Room ｜Coffee&Ccocktail BAR｜咖啡廳｜酒吧｜手沖咖啡｜雞尾酒｜無酒精調飲｜啤酒｜私廚｜活動包場｜,4.9 ,54,108台北市萬華區萬大路363號,https://www.google.com/maps/place/%E5%B7%A7%E8%BB%92%E9%A3%B2%E5%AE%A4+CH+Draft+Room+%EF%BD%9CCoffee%26Ccocktail+BAR%EF%BD%9C%E5%92%96%E5%95%A1%E5%BB%B3%EF%BD%9C%E9%85%92%E5%90%A7%EF%BD%9C%E6%89%8B%E6%B2%96%E5%92%96%E5%95%A1%EF%BD%9C%E9%9B%9E%E5%B0%BE%E9%85%92%EF%BD%9C%E7%84%A1%E9%85%92%E7%B2%BE%E8%AA%BF%E9%A3%B2%EF%BD%9C%E5%95%A4%E9%85%92%EF%BD%9C%E7%A7%81%E5%BB%9A%EF%BD%9C%E6%B4%BB%E5%8B%95%E5%8C%85%E5%A0%B4%EF%BD%9C/data=!4m7!3m6!1s0x3442a963f4d1797f:0x395f1128c668b4fb!8m2!3d25.0230385!4d121.4998267!16s%2Fg%2F11kjqwlwv2!19sChIJf3nR9GOpQjQR-7RoxigRXzk?authuser=0&hl=zh-TW&rclk=1,52,1,0,0,1
地酒,5.0 ,124,10844台北市萬華區昆明街96巷4號3樓,https://www.google.com/maps/place/%E5%9C%B0%E9%85%92/data=!4m7!3m6!1s0x3442a98f6b22a38b:0x6010d451f1255cdc!8m2!3d25.0446798!4d121.5050456!16s%2Fg%2F11llb9rklk!19sChIJi6Mia4-pQjQR3Fwl8VHUEGA?authuser=0&hl=zh-TW&rclk=1,123,0,1,0,0
Galaxy 星翼 coffee & bar,5.0 ,283,108台北市萬華區桂林路160號1樓,https://www.google.com/maps/place/Galaxy+%E6%98%9F%E7%BF%BC+coffee+%26+bar/data=!4m7!3m6!1s0x3442a974eeac8095:0xb35b8a091320924d!8m2!3d25.038395!4d121.4977399!16s%2Fg%2F11t828ntdl!19sChIJlYCs7nSpQjQRTZIgEwmKW7M?authuser=0&hl=zh-TW&rclk=1,272,10,1,0,0
VD COFFEE,4.9 ,168,108306台北市萬華區成都路10巷7號3號2樓,https://www.google.com/maps/place/VD+COFFEE/data=!4m7!3m6!1s0x3442a90855c28403:0xd19a4e8f61e00c18!8m2!3d25.0420709!4d121.507099!16s%2Fg%2F11h19hytg!19sChIJA4TCVQipQjQRGAzgYY9OmtE?authuser=0&hl=zh-TW&rclk=1,159,3,1,2,3
Café Dalida,4.2 ,352,108台北市萬華區成都路10巷51號,https://www.google.com/maps/place/Caf%C3%A9+Dalida/data=!4m7!3m6!1s0x3442a909ba760cdb:0x12d20742bd4ef2d!8m2!3d25.041786!4d121.506315!16s%2Fg%2F11b6hxcbqn!19sChIJ2wx2ugmpQjQRLe_UK3QgLQE?authuser=0&hl=zh-TW&rclk=1,207,77,24,11,33
西門暖閣餐酒館／waroom Restaurant Bar,4.9 ,154,100005台北市中正區中華路一段29-1號1樓,https://www.google.com/maps/place/%E8%A5%BF%E9%96%80%E6%9A%96%E9%96%A3%E9%A4%90%E9%85%92%E9%A4%A8%EF%BC%8Fwaroom+Restaurant+Bar/data=!4m7!3m6!1s0x3442a979957d1d3f:0x8c0dcfdc509d84d3!8m2!3d25.0455987!4d121.5097227!16s%2Fg%2F11t0ly5x36!19sChIJPx19lXmpQjQR04SdUNzPDYw?authuser=0&hl=zh-TW&rclk=1,147,3,0,0,4
HIDE 2 High Bar,4.5 ,106,108台北市萬華區武昌街二段10號二樓,https://www.google.com/maps/place/HIDE+2+High+Bar/data=!4m7!3m6!1s0x3442a95e9ab06593:0xfa6aa9197a7dc49c!8m2!3d25.0443468!4d121.508248!16s%2Fg%2F11k5kp67lt!19sChIJk2Wwml6pQjQRnMR9ehmpavo?authuser=0&hl=zh-TW&rclk=1,85,5,6,1,9
DUO Taipei,5.0 ,61,108台北市萬華區艋舺大道86巷42號,https://www.google.com/maps/place/DUO+Taipei/data=!4m7!3m6!1s0x3442abc4fd11f3eb:0xe53eb26392560941!8m2!3d25.0325674!4d121.503495!16s%2Fg%2F11g_lgj8f!19sChIJ6_MR_cSrQjQRQQlWkmOyPuU?authuser=0&hl=zh-TW&rclk=1,59,2,0,0,0
The park J,5.0 ,327,108台北市萬華區武昌街二段120巷5號,https://www.google.com/maps/place/The+park+J/data=!4m7!3m6!1s0x3442a9e6ca159f01:0xa8cd7d6ee5922e82!8m2!3d25.044704!4d121.503969!16s%2Fg%2F11plr_9ts8!19sChIJAZ8VyuapQjQRgi6S5W59zag?authuser=0&hl=zh-TW&rclk=1,319,6,0,0,2
荒煙露營風派對遊戲餐酒館-台北萬華西門町露營風餐酒館/餐廳/酒吧 慶生/派對/Party/桌遊 2024必吃特色 慶生/約會/網美/聚會/包場 訂位推薦 PTT Dcard,4.9 ,475,地址未找到,https://www.google.com/maps/place/%E8%8D%92%E7%85%99%E9%9C%B2%E7%87%9F%E9%A2%A8%E6%B4%BE%E5%B0%8D%E9%81%8A%E6%88%B2%E9%A4%90%E9%85%92%E9%A4%A8-%E5%8F%B0%E5%8C%97%E8%90%AC%E8%8F%AF%E8%A5%BF%E9%96%80%E7%94%BA%E9%9C%B2%E7%87%9F%E9%A2%A8%E9%A4%90%E9%85%92%E9%A4%A8%2F%E9%A4%90%E5%BB%B3%2F%E9%85%92%E5%90%A7+%E6%85%B6%E7%94%9F%2F%E6%B4%BE%E5%B0%8D%2FParty%2F%E6%A1%8C%E9%81%8A+2024%E5%BF%85%E5%90%83%E7%89%B9%E8%89%B2+%E6%85%B6%E7%94%9F%2F%E7%B4%84%E6%9C%83%2F%E7%B6%B2%E7%BE%8E%2F%E8%81%9A%E6%9C%83%2F%E5%8C%85%E5%A0%B4+%E8%A8%82%E4%BD%8D%E6%8E%A8%E8%96%A6+PTT+Dcard/data=!4m7!3m6!1s0x3442a9c27e24a09f:0x80d422259a3e0f17!8m2!3d25.0430122!4d121.5023544!16s%2Fg%2F11v1882d9r!19sChIJn6AkfsKpQjQRFw8-miUi1IA?authuser=0&hl=zh-TW&rclk=1,464,5,1,1,4
The Secret Garden,4.9 ,37,108台北市萬華區成都路10巷31號2樓,https://www.google.com/maps/place/The+Secret+Garden/data=!4m7!3m6!1s0x3442a9249763008f:0x4747cad0259671cd!8m2!3d25.041696!4d121.506739!16s%2Fg%2F11g2tdzy9p!19sChIJjwBjlySpQjQRzXGWJdDKR0c?authuser=0&hl=zh-TW&rclk=1,35,1,0,0,1
群CYUN BAR,5.0 ,67,108台北市萬華區成都路10巷25號2樓,https://www.google.com/maps/place/%E7%BE%A4CYUN+BAR/data=!4m7!3m6!1s0x3442a9710b11aaa5:0x685d6373d07796f2!8m2!3d25.041798!4d121.506868!16s%2Fg%2F11l3drd1gh!19sChIJpaoRC3GpQjQR8pZ30HNjXWg?authuser=0&hl=zh-TW&rclk=1,65,1,1,0,0
KHouse 化學實驗室,4.3 ,183,108台北市萬華區成都路10巷49號,https://www.google.com/maps/place/KHouse+%E5%8C%96%E5%AD%B8%E5%AF%A6%E9%A9%97%E5%AE%A4/data=!4m7!3m6!1s0x3442a909ba71e3fb:0x63dfe9c58902f366!8m2!3d25.0417638!4d121.5063117!16s%2Fg%2F11c0t91vph!19sChIJ--NxugmpQjQRZvMCicXp32M?authuser=0&hl=zh-TW&rclk=1,139,10,11,1,22
Echo Chamber Club 無心戒酒互助會 - 同溫層俱樂部,4.9 ,"1,177",108台北市萬華區成都路27巷4號,https://www.google.com/maps/place/Echo+Chamber+Club+%E7%84%A1%E5%BF%83%E6%88%92%E9%85%92%E4%BA%92%E5%8A%A9%E6%9C%83+-+%E5%90%8C%E6%BA%AB%E5%B1%A4%E4%BF%B1%E6%A8%82%E9%83%A8/data=!4m7!3m6!1s0x3442a9bab5e6cf19:0x37574c09cb323100!8m2!3d25.0428083!4d121.506803!16s%2Fg%2F11l393qvlv!19sChIJGc_mtbqpQjQRADEyywlMVzc?authuser=0&hl=zh-TW&rclk=1,136,17,6,6,12
司令餐飲號,4.5 ,696,108台北市萬華區開封街二段36號,https://www.google.com/maps/place/%E5%8F%B8%E4%BB%A4%E9%A4%90%E9%A3%B2%E8%99%9F/data=!4m7!3m6!1s0x3442a90e9877d395:0x44cf799031e01633!8m2!3d25.0462808!4d121.5078531!16s%2Fg%2F11_qm21z3!19sChIJldN3mA6pQjQRMxbgMZB5z0Q?authuser=0&hl=zh-TW&rclk=1,512,100,32,18,34
kani kani cafe&bar餐酒館,4.9 ,159,108006台北市萬華區成都路50號,https://www.google.com/maps/place/kani+kani+cafe%26bar%E9%A4%90%E9%85%92%E9%A4%A8/data=!4m7!3m6!1s0x3442a9d519a275b5:0xd295b308cd320de0!8m2!3d25.042608!4d121.506152!16s%2Fg%2F11vbf3z9t9!19sChIJtXWiGdWpQjQR4A0yzQizldI?authuser=0&hl=zh-TW&rclk=1,150,4,1,1,3
SOL bistro 料理小酒館,4.3 ,413,108台北市萬華區西寧南路179號,https://www.google.com/maps/place/SOL+bistro+%E6%96%99%E7%90%86%E5%B0%8F%E9%85%92%E9%A4%A8/data=!4m7!3m6!1s0x3442a909b1e6661b:0x479d8dd3941c6fe9!8m2!3d25.0418191!4d121.5060893!16s%2Fg%2F12hm6r93n!19sChIJG2bmsQmpQjQR6W8clNONnUc?authuser=0&hl=zh-TW&rclk=1,246,102,39,9,17
烏托邦 Utopia Taipei,4.6 ,123,108台北市萬華區昆明街109號2樓之5,https://www.google.com/maps/place/%E7%83%8F%E6%89%98%E9%82%A6+Utopia+Taipei/data=!4m7!3m6!1s0x3442a9b955dfcfe3:0x3eefa829eaf847dc!8m2!3d25.0421414!4d121.5048309!16s%2Fg%2F11sx27d6hm!19sChIJ48_fVbmpQjQR3Ef46imo7z4?authuser=0&hl=zh-TW&rclk=1,107,3,0,4,9
紅樓27號/Redhouse No.27,4.8 ,91,108台北市萬華區成都路10巷27號,https://www.google.com/maps/place/%E7%B4%85%E6%A8%9327%E8%99%9F%2FRedhouse+No.27/data=!4m7!3m6!1s0x3442a9fe42bfd945:0xf2fca03b6b5ecea9!8m2!3d25.041785!4d121.506829!16s%2Fg%2F11rbsj_y27!19sChIJRdm_Qv6pQjQRqc5eazug_PI?authuser=0&hl=zh-TW&rclk=1,83,3,2,1,2
ABV Bar & Kitchen 串串啤酒館 西門店 西門美食 麻辣火鍋｜麻辣串串｜重慶火鍋｜賓士鍋｜凌晨三點宵夜聚餐 精釀啤酒餐廳,4.9 ,112,地址未找到,https://www.google.com/maps/place/ABV+Bar+%26+Kitchen+%E4%B8%B2%E4%B8%B2%E5%95%A4%E9%85%92%E9%A4%A8+%E8%A5%BF%E9%96%80%E5%BA%97+%E8%A5%BF%E9%96%80%E7%BE%8E%E9%A3%9F+%E9%BA%BB%E8%BE%A3%E7%81%AB%E9%8D%8B%EF%BD%9C%E9%BA%BB%E8%BE%A3%E4%B8%B2%E4%B8%B2%EF%BD%9C%E9%87%8D%E6%85%B6%E7%81%AB%E9%8D%8B%EF%BD%9C%E8%B3%93%E5%A3%AB%E9%8D%8B%EF%BD%9C%E5%87%8C%E6%99%A8%E4%B8%89%E9%BB%9E%E5%AE%B5%E5%A4%9C%E8%81%9A%E9%A4%90+%E7%B2%BE%E9%87%80%E5%95%A4%E9%85%92%E9%A4%90%E5%BB%B3/data=!4m7!3m6!1s0x3442a925ca9f1a4d:0x86a507c8b8fd4823!8m2!3d25.0448511!4d121.5052592!16s%2Fg%2F11ltnmfs4m!19sChIJTRqfyiWpQjQRI0j9uMgHpYY?authuser=0&hl=zh-TW&rclk=1,109,1,1,0,1
CASA Cafe & Bar Taipei （城堡）,4.6 ,87,108台北市萬華區成都路10巷57號,https://www.google.com/maps/place/CASA+Cafe+%26+Bar+Taipei+%EF%BC%88%E5%9F%8E%E5%A0%A1%EF%BC%89/data=!4m7!3m6!1s0x3442a909b0eb8a01:0x748be78a872f7ef5!8m2!3d25.04181!4d121.506205!16s%2Fg%2F11c3swgq2s!19sChIJAYrrsAmpQjQR9X4vh4rni3Q?authuser=0&hl=zh-TW&rclk=1,70,8,5,1,3
G2PARADISE,4.4 ,218,10844台北市萬華區成都路10巷39號一樓,https://www.google.com/maps/place/G2PARADISE/data=!4m7!3m6!1s0x3442a909bb970f31:0x2beb18ebaf657589!8m2!3d25.0417706!4d121.5063522!16s%2Fg%2F11c603b2h9!19sChIJMQ-XuwmpQjQRiXVlr-sY6ys?authuser=0&hl=zh-TW&rclk=1,174,16,2,2,24
Punch Taipei,4.2 ,33,108台北市萬華區成都路94號2樓,https://www.google.com/maps/place/Punch+Taipei/data=!4m7!3m6!1s0x3442a93eed4f3d55:0x1b17d9c217195635!8m2!3d25.043055!4d121.50442!16s%2Fg%2F11vdh53h8m!19sChIJVT1P7T6pQjQRNVYZF8LZFxs?authuser=0&hl=zh-TW&rclk=1,25,2,0,0,6
西門紅樓露天酒吧區,4.4 ,50,108台北市萬華區成都路10巷56-7號,https://www.google.com/maps/place/%E8%A5%BF%E9%96%80%E7%B4%85%E6%A8%93%E9%9C%B2%E5%A4%A9%E9%85%92%E5%90%A7%E5%8D%80/data=!4m7!3m6!1s0x3442a909bb1117c5:0xa46c9532a5ba7824!8m2!3d25.0417569!4d121.5065263!16s%2Fg%2F11gcqwjd02!19sChIJxRcRuwmpQjQRJHi6pTKVbKQ?authuser=0&hl=zh-TW&rclk=1,29,14,6,0,1
HAIR SALON BISTRO餐酒館,4.6 ,78,108台北市萬華區武昌街二段72號4樓,https://www.google.com/maps/place/HAIR+SALON+BISTRO%E9%A4%90%E9%85%92%E9%A4%A8/data=!4m7!3m6!1s0x3442a9090d68fdab:0xf5dc6b7a30b1c694!8m2!3d25.0447599!4d121.5061792!16s%2Fg%2F11dyx7j1lp!19sChIJq_1oDQmpQjQRlMaxMHpr3PU?authuser=0&hl=zh-TW&rclk=1,63,6,6,1,2
向日文創Music Bar,5.0 ,61,108台北市萬華區艋舺大道120巷10號1樓,https://www.google.com/maps/place/%E5%90%91%E6%97%A5%E6%96%87%E5%89%B5Music+Bar/data=!4m7!3m6!1s0x3442a93d93ab781f:0x467462e9c59d528d!8m2!3d25.0330014!4d121.5021992!16s%2Fg%2F11tp7rnn7t!19sChIJH3irkz2pQjQRjVKdxelidEY?authuser=0&hl=zh-TW&rclk=1,59,2,0,0,0
燈亮有酒 Light Up Bar,4.9 ,76,108台北市萬華區康定路46-4號,https://www.google.com/maps/place/%E7%87%88%E4%BA%AE%E6%9C%89%E9%85%92+Light+Up+Bar/data=!4m7!3m6!1s0x3442a94d477193ef:0x8efee04cb4f08c!8m2!3d25.0430432!4d121.5023324!16s%2Fg%2F11vt2ybc9h!19sChIJ75NxR02pQjQRjPC0TOD-jgA?authuser=0&hl=zh-TW&rclk=1,75,0,0,0,1
Play bar,4.8 ,93,108台北市萬華區西寧南路191號2f,https://www.google.com/maps/place/Play+bar/data=!4m7!3m6!1s0x3442a9f31b69689d:0xcfba798e4fa060f6!8m2!3d25.0413139!4d121.506115!16s%2Fg%2F11f9w_r1qk!19sChIJnWhpG_OpQjQR9mCgT455us8?authuser=0&hl=zh-TW&rclk=1,81,9,2,0,1
G CLUB TAIPEI,4.6 ,258,"b1, No. 54號漢口街二段萬華區台北市108",https://www.google.com/maps/place/G+CLUB+TAIPEI/data=!4m7!3m6!1s0x3442a95caa8ebfc1:0xee1c35dbd1e3bcb9!8m2!3d25.0456733!4d121.5057925!16s%2Fg%2F11f9xs8j71!19sChIJwb-OqlypQjQRubzj0ds1HO4?authuser=0&hl=zh-TW&rclk=1,198,31,13,5,11
ONCE Cafe&Bar 無心戒酒互助會-西寧分會,4.9 ,"3,345",10841台北市萬華區西寧南路82巷2號,https://www.google.com/maps/place/ONCE+Cafe%26Bar+%E7%84%A1%E5%BF%83%E6%88%92%E9%85%92%E4%BA%92%E5%8A%A9%E6%9C%83-%E8%A5%BF%E5%AF%A7%E5%88%86%E6%9C%83/data=!4m7!3m6!1s0x3442a9d55a2ddadb:0x5afa5b78bb3c5959!8m2!3d25.0423674!4d121.5057665!16s%2Fg%2F11gxvs2y03!19sChIJ29otWtWpQjQRWVk8u3hb-lo?authuser=0&hl=zh-TW&rclk=1,171,113,20,11,30
LION BAR,4.8 ,64,108台北市萬華區西寧南路36號88,https://www.google.com/maps/place/LION+BAR/data=!4m7!3m6!1s0x3442a91debd59afb:0x1affada1aa96a0e9!8m2!3d25.0456148!4d121.5062697!16s%2Fg%2F11g0kbklzg!19sChIJ-5rV6x2pQjQR6aCWqqGt_xo?authuser=0&hl=zh-TW&rclk=1,57,5,0,1,1
聽吧 tingba,4.2 ,78,108台北市萬華區武昌街二段77號5樓,https://www.google.com/maps/place/%E8%81%BD%E5%90%A7+tingba/data=!4m7!3m6!1s0x3442a908d6075d59:0xeedacc65111ebbc0!8m2!3d25.0451717!4d121.5055727!16s%2Fg%2F1q65f162g!19sChIJWV0H1gipQjQRwLseEWXM2u4?authuser=0&hl=zh-TW&rclk=1,39,24,10,0,5
Jackal Taipei,4.4 ,103,108台北市萬華區長沙街二段71號2樓,https://www.google.com/maps/place/Jackal+Taipei/data=!4m7!3m6!1s0x3442a998bca2405b:0xbe45aa134e0afd20!8m2!3d25.0406196!4d121.5050947!16s%2Fg%2F11hds3h8ks!19sChIJW0CivJipQjQRIP0KThOqRb4?authuser=0&hl=zh-TW&rclk=1,78,11,4,2,8
Hunt Taipei,4.3 ,4.2 顆星 448,108台北市萬華區貴陽街二段7號,https://www.google.com/maps/place/Hunt+Taipei/data=!4m7!3m6!1s0x3442a9a77a434707:0xc582224fa214c08c!8m2!3d25.0395346!4d121.5060844!16s%2Fg%2F11b8t717s2!19sChIJB0dDeqepQjQRjMAUok8igsU?authuser=0&hl=zh-TW&rclk=1,184,50,23,4,19
00:00 女僕裝主題酒吧,4.5 ,25,10843台北市萬華區中華路一段134號,https://www.google.com/maps/place/00:00+%E5%A5%B3%E5%83%95%E8%A3%9D%E4%B8%BB%E9%A1%8C%E9%85%92%E5%90%A7/data=!4m7!3m6!1s0x3442a9c0b1841947:0x2925708ec70bf978!8m2!3d25.043442!4d121.508243!16s%2Fg%2F11y4t3869k!19sChIJRxmEscCpQjQRePkLx45wJSk?authuser=0&hl=zh-TW&rclk=1,21,1,0,0,3
Commander 紅樓酒吧,4.6 ,39,10845台北市萬華區成都路10巷41號二樓,https://www.google.com/maps/place/Commander+%E7%B4%85%E6%A8%93%E9%85%92%E5%90%A7/data=!4m7!3m6!1s0x3442a909bbba6797:0xaeba49299bef6450!8m2!3d25.04174!4d121.506538!16s%2Fg%2F12hk32cxr!19sChIJl2e6uwmpQjQRUGTvmylJuq4?authuser=0&hl=zh-TW&rclk=1,26,12,0,1,0
Night Tour 夜巡,4.1 ,84,108台北市萬華區武昌街二段5號,https://www.google.com/maps/place/Night+Tour+%E5%A4%9C%E5%B7%A1/data=!4m7!3m6!1s0x3442a931163705e7:0xaf34cb426bd45b9c!8m2!3d25.0444776!4d121.5083362!16s%2Fg%2F11txf03ypt!19sChIJ5wU3FjGpQjQRnFvUa0LLNK8?authuser=0&hl=zh-TW&rclk=1,59,5,4,3,13
彩虹飲酒店,4.5 ,15,108台北市萬華區西園路一段212巷19號1樓,https://www.google.com/maps/place/%E5%BD%A9%E8%99%B9%E9%A3%B2%E9%85%92%E5%BA%97/data=!4m7!3m6!1s0x3442a93c93fb1077:0x1019034a9143ebc8!8m2!3d25.0358191!4d121.4982456!16s%2Fg%2F11nx5cjcnk!19sChIJdxD7kzypQjQRyOtDkUoDGRA?authuser=0&hl=zh-TW&rclk=1,11,1,3,0,0
牡丹 Mudan,3.9 ,173,108台北市萬華區成都路10巷43號45號,https://www.google.com/maps/place/%E7%89%A1%E4%B8%B9+Mudan/data=!4m7!3m6!1s0x3442a909ba8837c1:0xfa3aec6775b6cf33!8m2!3d25.04214!4d121.5072876!16s%2Fg%2F1tzzs5y6!19sChIJwTeIugmpQjQRM8-2dWfsOvo?authuser=0&hl=zh-TW&rclk=1,85,39,21,8,20
X1派對娛樂 | 西門館 - 生日派對・好友聚會・單身派對・招待所包場・活動包場・派對場地・台北場地租借,4.9 ,37,108台北市萬華區漢口街二段54號2F,https://www.google.com/maps/place/X1%E6%B4%BE%E5%B0%8D%E5%A8%9B%E6%A8%82+%7C+%E8%A5%BF%E9%96%80%E9%A4%A8+-+%E7%94%9F%E6%97%A5%E6%B4%BE%E5%B0%8D%E3%83%BB%E5%A5%BD%E5%8F%8B%E8%81%9A%E6%9C%83%E3%83%BB%E5%96%AE%E8%BA%AB%E6%B4%BE%E5%B0%8D%E3%83%BB%E6%8B%9B%E5%BE%85%E6%89%80%E5%8C%85%E5%A0%B4%E3%83%BB%E6%B4%BB%E5%8B%95%E5%8C%85%E5%A0%B4%E3%83%BB%E6%B4%BE%E5%B0%8D%E5%A0%B4%E5%9C%B0%E3%83%BB%E5%8F%B0%E5%8C%97%E5%A0%B4%E5%9C%B0%E7%A7%9F%E5%80%9F/data=!4m7!3m6!1s0x3442a93270660101:0x15846e4beb5a582d!8m2!3d25.0456733!4d121.5057925!16s%2Fg%2F11txdk1g0k!19sChIJAQFmcDKpQjQRLVha60tuhBU?authuser=0&hl=zh-TW&rclk=1,36,0,0,0,1
王老先生有塊地單車吧,4.7 ,99,108台北市萬華區漢口街二段90巷8弄9號,https://www.google.com/maps/place/%E7%8E%8B%E8%80%81%E5%85%88%E7%94%9F%E6%9C%89%E5%A1%8A%E5%9C%B0%E5%96%AE%E8%BB%8A%E5%90%A7/data=!4m7!3m6!1s0x3442a90f4b2c8849:0x2c0e488caaa94a74!8m2!3d25.045921!4d121.5039963!16s%2Fg%2F1tn03hhr!19sChIJSYgsSw-pQjQRdEqpqoxIDiw?authuser=0&hl=zh-TW&rclk=1,87,6,1,3,2
家吶子台式居酒屋 Ka-la̍h-á,4.6 ,945,108台北市萬華區東園街68-4號,https://www.google.com/maps/place/%E5%AE%B6%E5%90%B6%E5%AD%90%E5%8F%B0%E5%BC%8F%E5%B1%85%E9%85%92%E5%B1%8B+Ka-la%CC%8Dh-%C3%A1/data=!4m7!3m6!1s0x3442a9b41b18bb0f:0xe850de81a52a2756!8m2!3d25.0256716!4d121.4964354!16s%2Fg%2F11gcqwb8qq!19sChIJD7sYG7SpQjQRVicqpYHeUOg?authuser=0&hl=zh-TW&rclk=1,690,169,44,20,22
東京串燒酒場,4.5 ,"1,440",108台北市萬華區康定路18-3號,https://www.google.com/maps/place/%E6%9D%B1%E4%BA%AC%E4%B8%B2%E7%87%92%E9%85%92%E5%A0%B4/data=!4m7!3m6!1s0x3442a908a6f9a20d:0x9ff7a55205877d9a!8m2!3d25.045262!4d121.5029496!16s%2Fg%2F11g9jp5hbc!19sChIJDaL5pgipQjQRmn2HBVKl958?authuser=0&hl=zh-TW&rclk=1,37,232,66,29,76
FOUR TAIPEI,4.9 ,"1,029",108台北市萬華區西寧南路169號4樓,https://www.google.com/maps/place/FOUR+TAIPEI/data=!4m7!3m6!1s0x3442a9a778446717:0x6f9137e657ea4188!8m2!3d25.0430495!4d121.5061337!16s%2Fg%2F11ftmncrk_!19sChIJF2dEeKepQjQRiEHqV-Y3kW8?authuser=0&hl=zh-TW&rclk=1,994,15,6,5,9
ROOFINN,4.7 ,140,108台北市萬華區西園路一段37號2樓,https://www.google.com/maps/place/ROOFINN/data=!4m7!3m6!1s0x3442ab91c385b2d7:0xc8de76458df933ae!8m2!3d25.0406218!4d121.500059!16s%2Fg%2F1q5hrnrl_!19sChIJ17KFw5GrQjQRrjP5jUV23sg?authuser=0&hl=zh-TW&rclk=1,103,29,5,3,0
大倉庫PUB,4.6 ,19,108台北市萬華區武昌街二段72號6樓,https://www.google.com/maps/place/%E5%A4%A7%E5%80%89%E5%BA%ABPUB/data=!4m7!3m6!1s0x3442a9092fb84eed:0x6cab3006dd9b764c!8m2!3d25.044807!4d121.506211!16s%2Fg%2F1q64b38pz!19sChIJ7U64LwmpQjQRTHab3QYwq2w?authuser=0&hl=zh-TW&rclk=1,16,1,1,0,1
Wink1號店,4.9 ,651,100台北市中正區延平南路111號2樓,https://www.google.com/maps/place/Wink1%E8%99%9F%E5%BA%97/data=!4m7!3m6!1s0x3442a96e9f4095e1:0xcd791b9c392d1f08!8m2!3d25.041816!4d121.509581!16s%2Fg%2F11t3v6k1rh!19sChIJ4ZVAn26pQjQRCB8tOZwbec0?authuser=0&hl=zh-TW&rclk=1,630,11,5,1,4
Kiss bar,5.0 ,16,108台北市萬華區成都路10巷65號,https://www.google.com/maps/place/Kiss+bar/data=!4m7!3m6!1s0x3442a995a2a2ca89:0xa220e0c968c323b7!8m2!3d25.0417892!4d121.5061111!16s%2Fg%2F11vsnsnh23!19sChIJicqiopWpQjQRtyPDaMngIKI?authuser=0&hl=zh-TW&rclk=1,16,0,0,0,0
夜上海卡拉OK,4.1 ,57,108台北市萬華區漢口街二段54號三樓,https://www.google.com/maps/place/%E5%A4%9C%E4%B8%8A%E6%B5%B7%E5%8D%A1%E6%8B%89OK/data=!4m7!3m6!1s0x3442a90ed164cfe9:0xaa251ed2832094ea!8m2!3d25.0456733!4d121.5057925!16s%2Fg%2F11mgn7fjf1!19sChIJ6c9k0Q6pQjQR6pQgg9IeJao?authuser=0&hl=zh-TW&rclk=1,32,8,12,2,3
涉谷步道 Shibuya Taipei,4.0 ,115,108台北市萬華區成都路10巷37號,https://www.google.com/maps/place/%E6%B6%89%E8%B0%B7%E6%AD%A5%E9%81%93+Shibuya+Taipei/data=!4m7!3m6!1s0x3442a909bb9ab3a5:0x6392217586bdea49!8m2!3d25.041726!4d121.506626!16s%2Fg%2F1tgdqv1f!19sChIJpbOauwmpQjQRSeq9hnUhkmM?authuser=0&hl=zh-TW&rclk=1,60,21,20,5,9
Studio 9,4.3 ,151,"9F, No. 116號漢中街萬華區台北市108",https://www.google.com/maps/place/Studio+9/data=!4m7!3m6!1s0x3442a9178af7ce49:0x250c83643685d51d!8m2!3d25.0427576!4d121.5074402!16s%2Fg%2F11sq5fgwqf!19sChIJSc73ihepQjQRHdWFNmSDDCU?authuser=0&hl=zh-TW&rclk=1,107,11,13,4,16
Unwind 餐酒館 - 永安棧,4.7 ,260,108台北市萬華區中華路一段150號,https://www.google.com/maps/place/Unwind+%E9%A4%90%E9%85%92%E9%A4%A8+-+%E6%B0%B8%E5%AE%89%E6%A3%A7/data=!4m7!3m6!1s0x3442a9dc0570f601:0x4d1ffeff89e3f00e!8m2!3d25.0428894!4d121.5080496!16s%2Fg%2F11j7krqlq9!19sChIJAfZwBdypQjQRDvDjif_-H00?authuser=0&hl=zh-TW&rclk=1,214,27,14,2,3
三重奏加蚋 Trio kitchen,4.9 ,662,108台北市萬華區東園街114號,https://www.google.com/maps/place/%E4%B8%89%E9%87%8D%E5%A5%8F%E5%8A%A0%E8%9A%8B+Trio+kitchen/data=!4m7!3m6!1s0x3442a95c025c23cb:0x8e3f419762b6e2f5!8m2!3d25.024129!4d121.4972!16s%2Fg%2F11p654756r!19sChIJyyNcAlypQjQR9eK2YpdBP44?authuser=0&hl=zh-TW&rclk=1,610,39,9,4,0
凱悅卡拉OK,4.0 ,93,108台北市萬華區漢口街二段53巷4號,https://www.google.com/maps/place/%E5%87%B1%E6%82%85%E5%8D%A1%E6%8B%89OK/data=!4m7!3m6!1s0x3442a90eda5125db:0x3f5381b3cf3739c9!8m2!3d25.0461521!4d121.5062379!16s%2Fg%2F11f8k285k9!19sChIJ2yVR2g6pQjQRyTk3z7OBUz8?authuser=0&hl=zh-TW&rclk=1,42,25,17,3,6
尚虹酒店,3.3 ,75,108台北市萬華區西園路一段212巷31號號,https://www.google.com/maps/place/%E5%B0%9A%E8%99%B9%E9%85%92%E5%BA%97/data=!4m7!3m6!1s0x3442a9aebb9c8ae3:0x689c2db0d43c992a!8m2!3d25.0357431!4d121.4979509!16s%2Fg%2F11b7fw2112!19sChIJ44qcu66pQjQRKpk81LAtnGg?authuser=0&hl=zh-TW&rclk=1,21,13,21,9,11
SOL Cafe ＊ 翔光珈琲,4.7 ,67,108台北市萬華區西寧南路181號,https://www.google.com/maps/place/SOL+Cafe+%EF%BC%8A+%E7%BF%94%E5%85%89%E7%8F%88%E7%90%B2/data=!4m7!3m6!1s0x3442a9c9bfec9fcd:0xda000d0a50e14089!8m2!3d25.0419624!4d121.5061279!16s%2Fg%2F11g0sfcly0!19sChIJzZ_sv8mpQjQRiUDhUAoNANo?authuser=0&hl=zh-TW&rclk=1,57,7,1,0,2
有地咖啡 UDE Café | 無訂位服務,4.7 ,368,10841台北市萬華區開封街二段62號1F,https://www.google.com/maps/place/%E6%9C%89%E5%9C%B0%E5%92%96%E5%95%A1+UDE+Caf%C3%A9+%7C+%E7%84%A1%E8%A8%82%E4%BD%8D%E6%9C%8D%E5%8B%99/data=!4m7!3m6!1s0x3442a90eea73d23f:0xd231b486f91035c2!8m2!3d25.0465355!4d121.5068599!16s%2Fg%2F11c8059sfk!19sChIJP9Jz6g6pQjQRwjUQ-Ya0MdI?authuser=0&hl=zh-TW&rclk=1,284,70,7,2,5
Republic of Chester,4.7 ,26,108台北市萬華區武昌街二段No132,https://www.google.com/maps/place/Republic+of+Chester/data=!4m7!3m6!1s0x3442a908a8695e33:0x498693d897515a7!8m2!3d25.0455679!4d121.5028583!16s%2Fg%2F11f_gl2xkf!19sChIJM15pqAipQjQRpxV1iT1pmAQ?authuser=0&hl=zh-TW&rclk=1,23,0,2,0,1
黃婉寧卡拉OK,4.1 ,38,108台北市萬華區中華路一段114巷4-9號號B1,https://www.google.com/maps/place/%E9%BB%83%E5%A9%89%E5%AF%A7%E5%8D%A1%E6%8B%89OK/data=!4m7!3m6!1s0x3442a9095c955803:0x85de5875604579be!8m2!3d25.043877!4d121.507788!16s%2Fg%2F11f8k25v69!19sChIJA1iVXAmpQjQRvnlFYHVY3oU?authuser=0&hl=zh-TW&rclk=1,20,11,2,0,5
西園136歌坊,4.1 ,45,108台北市萬華區西園路一段71號1樓,https://www.google.com/maps/place/%E8%A5%BF%E5%9C%92136%E6%AD%8C%E5%9D%8A/data=!4m7!3m6!1s0x3442a9a853346f51:0x5177641af43061c1!8m2!3d25.0392634!4d121.499961!16s%2Fg%2F11f50mvczn!19sChIJUW80U6ipQjQRwWEw9Bpkd1E?authuser=0&hl=zh-TW&rclk=1,24,7,10,1,3
YEAH!,5.0 ,8,108台北市萬華區成都路10巷63號,https://www.google.com/maps/place/YEAH!/data=!4m7!3m6!1s0x3442a9343ee39e39:0x5aa57316a2f73c10!8m2!3d25.041797!4d121.506137!16s%2Fg%2F11k566pmbp!19sChIJOZ7jPjSpQjQREDz3ohZzpVo?authuser=0&hl=zh-TW&rclk=1,8,0,0,0,0
台北西門町意舍酒店,4.4 ,"2,403",地址未找到,https://www.google.com/maps/place/%E5%8F%B0%E5%8C%97%E8%A5%BF%E9%96%80%E7%94%BA%E6%84%8F%E8%88%8D%E9%85%92%E5%BA%97/data=!4m7!3m6!1s0x3442a908d6075d5f:0x75ceb7b69e63667e!8m2!3d25.0451762!4d121.5056699!16s%2Fg%2F11r8ddk8c!19sChIJX10H1gipQjQRfmZjnra3znU?authuser=0&hl=zh-TW&rclk=1,316,789,189,45,64
G-Paradise,3.9 ,88,108台北市萬華區成都路10巷47號,https://www.google.com/maps/place/G-Paradise/data=!4m7!3m6!1s0x3442a909bb970f31:0x9a046b21fd3cb45e!8m2!3d25.0417548!4d121.5064531!16s%2Fg%2F11cn0p5ty1!19sChIJMQ-XuwmpQjQRXrQ8_SFrBJo?authuser=0&hl=zh-TW&rclk=1,48,16,7,3,14
皇家KTV,5.0 ,3,108台北市萬華區梧州街53號,https://www.google.com/maps/place/%E7%9A%87%E5%AE%B6KTV/data=!4m7!3m6!1s0x3442a9aea55c54ff:0xa18aa76af2ca6f7b!8m2!3d25.0360575!4d121.4976981!16s%2Fg%2F11lpzmkrrz!19sChIJ_1Rcpa6pQjQRe2_K8mqniqE?authuser=0&hl=zh-TW&rclk=1,3,0,0,0,0
阿秋阿琴聯誼音樂坊,3.8 ,36,108台北市萬華區西昌街225號,https://www.google.com/maps/place/%E9%98%BF%E7%A7%8B%E9%98%BF%E7%90%B4%E8%81%AF%E8%AA%BC%E9%9F%B3%E6%A8%82%E5%9D%8A/data=!4m7!3m6!1s0x3442a9a8e8189733:0x4e8d9eba577d6eb5!8m2!3d25.0373933!4d121.5006848!16s%2Fg%2F11dxf0xkcm!19sChIJM5cY6KipQjQRtW59V7qejU4?authuser=0&hl=zh-TW&rclk=1,15,7,10,1,3
le harmony,評分未找到,評論數未找到,10842台北市萬華區漢口街二段89號1樓,https://www.google.com/maps/place/le+harmony/data=!4m7!3m6!1s0x3442a970b13ae429:0x450339b9190b017!8m2!3d25.0462109!4d121.5048867!16s%2Fg%2F11sgz0_gp9!19sChIJKeQ6sXCpQjQRF7CQkZszUAQ?authuser=0&hl=zh-TW&rclk=1,0,0,0,0,0
JSquadron餐酒館,4.5 ,90,108台北市萬華區武昌街二段10號,https://www.google.com/maps/place/JSquadron%E9%A4%90%E9%85%92%E9%A4%A8/data=!4m7!3m6!1s0x3442a9dbf2d887b3:0xee3509925bc9f37f!8m2!3d25.0443468!4d121.508248!16s%2Fg%2F11sc3frrrm!19sChIJs4fY8tupQjQRf_PJW5IJNe4?authuser=0&hl=zh-TW&rclk=1,73,7,2,1,7
蘭坊歡唱歌城,3.7 ,95,108台北市萬華區成都路68號,https://www.google.com/maps/place/%E8%98%AD%E5%9D%8A%E6%AD%A1%E5%94%B1%E6%AD%8C%E5%9F%8E/data=!4m7!3m6!1s0x3442a90855df8779:0xf2cce0590297b6e9!8m2!3d25.042837!4d121.505239!16s%2Fg%2F11f15gc8y3!19sChIJeYffVQipQjQR6baXAlngzPI?authuser=0&hl=zh-TW&rclk=1,33,20,27,7,8
曼巴複合式餐酒館,4.2 ,20,108台北市萬華區成都路90號,https://www.google.com/maps/place/%E6%9B%BC%E5%B7%B4%E8%A4%87%E5%90%88%E5%BC%8F%E9%A4%90%E9%85%92%E9%A4%A8/data=!4m7!3m6!1s0x3442a9653fe36155:0x6092f893fcb5eba7!8m2!3d25.043007!4d121.5045!16s%2Fg%2F11t9rrr4m2!19sChIJVWHjP2WpQjQRp-u1_JP4kmA?authuser=0&hl=zh-TW&rclk=1,14,2,1,0,3
好唱餐坊,4.2 ,47,108台灣萬華區雙園街50號,https://www.google.com/maps/place/%E5%A5%BD%E5%94%B1%E9%A4%90%E5%9D%8A/data=!4m7!3m6!1s0x3442a9b2ff3e529b:0x27b5eeb39d9f1f9c!8m2!3d25.0298913!4d121.4940708!16s%2Fg%2F1pzt__v1g!19sChIJm1I-_7KpQjQRnB-fnbPutSc?authuser=0&hl=zh-TW&rclk=1,26,9,8,2,2
法老王KTV(峨眉店),3.8 ,29,108台北市萬華區峨嵋街43號,https://www.google.com/maps/place/%E6%B3%95%E8%80%81%E7%8E%8BKTV%28%E5%B3%A8%E7%9C%89%E5%BA%97%29/data=!4m7!3m6!1s0x3442a90914bf639b:0x19ea08655fe8f70!8m2!3d25.043603!4d121.506949!16s%2Fg%2F1pzs3jcpc!19sChIJm2O_FAmpQjQRcI_-VYagngE?authuser=0&hl=zh-TW&rclk=1,13,5,6,2,3
西昌清茶館,5.0 ,2,108台北市萬華區西昌街184號,https://www.google.com/maps/place/%E8%A5%BF%E6%98%8C%E6%B8%85%E8%8C%B6%E9%A4%A8/data=!4m7!3m6!1s0x3442a9dbdf6a169f:0xd6408c52f44ba924!8m2!3d25.0377905!4d121.5004955!16s%2Fg%2F11trtldn4_!19sChIJnxZq39upQjQRJKlL9FKMQNY?authuser=0&hl=zh-TW&rclk=1,2,0,0,0,0
萬華60年懷念飲酒店老街,4.0 ,6,108台北市萬華區西園路一段212巷2號,https://www.google.com/maps/place/%E8%90%AC%E8%8F%AF60%E5%B9%B4%E6%87%B7%E5%BF%B5%E9%A3%B2%E9%85%92%E5%BA%97%E8%80%81%E8%A1%97/data=!4m7!3m6!1s0x3442a9aed04021ef:0x600a16ba12ccdd18!8m2!3d25.035746!4d121.4990419!16s%2Fg%2F11c0rnw2f0!19sChIJ7yFA0K6pQjQRGN3MEroWCmA?authuser=0&hl=zh-TW&rclk=1,2,2,2,0,0
